slug,name,asset_type,regions,regulators,founded_year,min_deposit,fx_fee_pct,withdrawal_fee,inactivity_monthly,platform_fee_pct,monthly_fee,plan_currency,stock_commission_text,withdrawal_text,inactivity_text,verified_at,source_url,review_url
aj-bell,AJ Bell,investing,uk,FCA,1995,500,0.75,0,0,0.25,,GBP,£5.00 per online share deal (£3.50 if you made 10+ share deals in the previous month); regular investing is free,Free to a linked UK bank account,None,2026-07-27,https://www.ajbell.co.uk/isa/stocks-shares-isa/charges,https://feeswizard.com/review/aj-bell/
avatrade,AvaTrade,cfd,uk|eu,Central Bank of Ireland|ASIC|FSCA,2006,100,,,,,,,No commission; cost is in the spread (from 0.9 pips on EUR/USD),Free,"USD 50 a quarter (EUR 50 / GBP 50, by account currency) after three consecutive months of non-use, and every successive quarter, plus an annual administration fee of USD 100 / EUR 100 / GBP 100 after twelve consecutive months",2026-08-17,https://www.avatrade.com/trading-info/our-fees-charges,https://feeswizard.com/review/avatrade/
capital-com,Capital.com,cfd,uk|eu,FCA|CySEC|ASIC|SCB,2016,10,,,,,,,No commission; cost is in the spread (from 0.6 pips on EUR/USD),Free,None,2026-08-17,https://capital.com/en-int/ways-to-trade/fees-and-charges,https://feeswizard.com/review/capital-com/
degiro,DEGIRO,investing,eu,BaFin|AFM|DNB,2013,0,0.25,0,0,0,,EUR,"Commission plus a EUR 1 handling fee per trade: EUR 2 total on US exchanges, EUR 3 on the Irish home market, EUR 4.90 on London, Euronext, XETRA, Swiss and Nordic exchanges, EUR 6 on Australia, Frankfurt, Hong Kong, Singapore and Tokyo. ETFs EUR 3, or EUR 1 handling only for the Core Selection (the ETFs listed on Tradegate)",Free to a linked bank account,"None (DEGIRO publishes EUR 0 inactivity, custody, deposit and withdrawal fees)",2026-08-17,https://www.degiro.ie/data/pdf/ie/IE_Feeschedule.pdf,https://feeswizard.com/review/degiro/
etoro,eToro,investing,uk|eu,FCA|CySEC|ASIC,2007,50,0.75,5,0,0,,USD,"$1–$2 per side on stock positions (charged on opening and on closing, varies by country of residence); ETFs 0%",$5 per withdrawal on USD accounts ($30 min); free on GBP/EUR accounts,None (eToro removed the inactivity fee in 2026),2026-08-17,https://www.etoro.com/trading/fees/,https://feeswizard.com/review/etoro/
fidelity,Fidelity,investing,uk,FCA,1969,25,0.75,0,0,0.35,,GBP,"£7.50 per online share, ETF or investment trust deal (£30.00 by phone); £1.50 for regular savings plan trades and dividend reinvestment; funds free",Free to a linked UK bank account,None,2026-08-17,https://www.fidelity.co.uk/services/charges-fees/,https://feeswizard.com/review/fidelity/
fortrade,Fortrade,cfd,uk|eu,FCA|ASIC|CySEC|CIRO,2013,100,,,,,,,No commission; cost is in the spread (EUR/USD ~2 pips),Free (some payment methods may charge),"USD 10 a month (charged in your account currency) after six consecutive months with no transactions — no deposits, withdrawals or trading activity, including opening a pending order",2026-08-17,https://www.fortrade.com/faqs/fees-and-charges/,https://feeswizard.com/review/fortrade/
freetrade,Freetrade,investing,uk,FCA,2016,0,0.99,0,0,0,0,GBP,"£0 commission on all UK & US stocks, ETFs and investment trusts (all plans)",Free standard withdrawals; £5 for same-day withdrawal,None,2026-08-17,https://freetrade.io/pricing,https://feeswizard.com/review/freetrade/
hargreaves-lansdown,Hargreaves Lansdown,investing,uk,FCA,1981,100,0.99,0,0,0.35,,GBP,£6.95 per online share deal (£3.95 if you dealt 20+ times in the previous month); £1.95 per online fund deal; free via monthly direct debit or dividend reinvestment,Free to a linked UK bank account,None,2026-08-17,https://www.hl.co.uk/investment-services/isa/savings-interest-rates-and-charges,https://feeswizard.com/review/hargreaves-lansdown/
interactive-brokers,Interactive Brokers,investing,uk|eu,FCA|SEC,1978,0,0.03,0,0,0,,GBP,"UK shares 0.05% of trade value, minimum £3; European shares 0.05%, minimum €3; US shares from $0.005 per share, minimum $1 (Fixed pricing)",Two free withdrawal requests per calendar month; after that GBP 7.00 by bank transfer or GBP 1.00 by BACS/GIRO (EUR 8.00 / EUR 1.00; USD 10.00 / USD 1.00),None on the standard account (the inactivity fee was removed in 2021),2026-08-17,https://www.interactivebrokers.co.uk/en/pricing/commissions-stocks.php,https://feeswizard.com/review/interactive-brokers/
interactive-investor,interactive investor,investing,uk,FCA,1995,0,0.75,0,0,0,5.99,GBP,"£3.99 per UK share trade (£2.99 on Premium); funds £3.99 on Core, £1.49 on Plus, free on Premium",Free to a linked UK bank account (next-day GBP and EUR); £15 for a same-day GBP or EUR withdrawal,None,2026-07-27,https://www.ii.co.uk/our-charges,https://feeswizard.com/review/interactive-investor/
investengine,InvestEngine,investing,uk,FCA,2019,100,0,0,0,0,,GBP,£0 dealing commission on all ETFs (DIY portfolios); no platform fee,Free — no withdrawal fee,None,2026-08-17,https://investengine.com/costs/,https://feeswizard.com/review/investengine/
lightyear,Lightyear,investing,uk|eu,FCA|EFSA,2021,0,0.1,0,0,0,,GBP,"UK personal accounts (GIA and ISA): no execution fee on UK, US and European stocks or ETFs. EU accounts: GBP 1 per order on UK stocks, EUR 1 per order on EUR-denominated stocks, 0.1% on other European stocks, and 0.10% (min $0.10, max $1) on US stocks. ETFs are execution-fee-free on both.","Free by local bank transfer. USD wire payments are charged (up to $8.50 UK, $6.11 EU).",None,2026-08-17,https://lightyear.com/en-gb/pricing,https://feeswizard.com/review/lightyear/
pepperstone,Pepperstone,cfd,uk|eu,FCA|ASIC|CySEC|BaFin,2010,0,,,,,,,"Razor: raw spreads plus a fixed commission on FX and Spot Gold (XAU/USD) only — GBP 2.25 per lot per side on a GBP account, USD 3.50 on a USD account, so GBP 4.50 / USD 7 round turn, charged in full when the position opens on MT4 and MT5; cTrader is USD 6 round turn on FX. Standard: no commission on FX, indices or commodities (the cost sits in the spread), but share CFDs cost from 0.1% per side","Free, except bank wire withdrawals to an international bank account, which are charged GBP 15",None,2026-08-17,https://pepperstone.com/en-gb/trading/costs-and-fees,https://feeswizard.com/review/pepperstone/
plus500,Plus500,cfd,uk|eu,FCA|CySEC|ASIC,2008,100,,,,,,,"No commission, cost is in the spread",Free — Plus500 charges no deposit or withdrawal fees; your own bank or card issuer may charge on international transfers or unsupported-currency conversions,Up to $10/month after 3 months without logging in,2026-08-17,https://www.plus500.com/en-gb/help/feescharges,https://feeswizard.com/review/plus500/
revolut,Revolut,investing,uk|eu,FCA|CySEC,2015,0,0.5,0,0,0,,GBP,"1 commission-free order a month on Standard (3 on Plus, 5 on Premium, 10 on Metal and Ultra); beyond the allowance 0.25% of the order amount, or 0.12% on Ultra, minimum GBP 0.01; the Stocks and Shares ISA shares the same allowance and rates",Free,None,2026-07-31,https://help.revolut.com/help/wealth/stocks/trading-stocks/trading-fees/what-fees-will-i-be-charged-for-my-trading/,https://feeswizard.com/review/revolut/
robinhood,Robinhood,investing,us|uk,SEC|FINRA|SIPC|FCA,2013,0,0.1,0,0,0,,GBP,"$0 / £0 commission on US stocks, ETFs and options (crypto in the US only)",Free (bank/ACH); instant withdrawal 1.75% (US); account transfer out $100,None,2026-08-17,https://cdn.robinhood.com/assets/robinhood/legal/RHUK_Fee_Schedule.pdf,https://feeswizard.com/review/robinhood/
scalable-capital,Scalable Capital,investing,eu,BaFin|Bundesbank,2014,0,0,0,0,0,0,EUR,"Price depends on the venue. European Investor Exchange (EIX) — FREE Broker: €0.99 per trade, or €0 on purchases of €250 or more in PRIME ETFs (Amundi, iShares, Vanguard, Xtrackers); PRIME+ Broker (€4.99/mo): €0 per trade from €250, else €0.99. gettex: €0.99 until 31 August 2026, then €1.99 flat from 1 September 2026 on both plans, with no free-trade threshold. Xetra: €1.99 flat from 1 September 2026, down from €3.99 plus 0.01% (min €1.50), with trading-venue fees waived. EIX is the cheapest route on both plans",Free to a linked bank account,None,2026-08-26,https://de.scalable.capital/en/trading,https://feeswizard.com/review/scalable-capital/
trade-republic,Trade Republic,investing,eu,BaFin|Bundesbank,2015,0,0,0,0,0,,EUR,"€1 flat per trade (Best Price execution); €2 per order for Direct Price routing to a chosen exchange (Xetra, NYSE, etc., since July 2026)",Free to a linked bank account,None,2026-08-17,https://support.traderepublic.com/en-de/784-Are-there-commissions-for-order-execution,https://feeswizard.com/review/trade-republic/
trading212,Trading 212,investing,uk|eu,FCA|CySEC,2004,1,0.15,0,0,0,,GBP,0%,Free,None,2026-08-17,https://helpcentre.trading212.com/hc/en-us/articles/11471996799517-What-are-the-fees-in-the-Invest-ISAs-and-SIPP,https://feeswizard.com/review/trading212/
vanguard-uk,Vanguard UK,investing,uk,FCA,2017,500,0,0,0,0.15,,GBP,No dealing charge on Vanguard funds and ETFs at the scheduled daily trade; £7.50 for optional live 'quote and deal' ETF trades,Free to a linked UK bank account,None,2026-07-27,https://www.vanguardinvestor.co.uk/what-we-offer/fees-explained,https://feeswizard.com/review/vanguard-uk/
webull,Webull,investing,us|uk,SEC|FINRA|SIPC|FCA,2017,0,0.5,0,0,0,,GBP,"$0 on stocks, ETFs and options (regulatory fees on sells). UK: 0% commission on UK, US and Hong Kong / China-A shares and ETFs",Free (ACH); wires $25 to send; account transfer out $75,None,2026-08-26,https://www.webull-uk.com/pricing,https://feeswizard.com/review/webull/
xtb,XTB,investing,uk|eu,FCA|CySEC|KNF,2002,0,0.5,0,10,0,,EUR,"0% up to €100k monthly turnover, then 0.2% (min €10)",Free above €100 (some entities charge €10 below €100),"EUR 10/month, only after 365 days with no trade AND no deposit in the previous 90 days. Not charged on ISA accounts, where open positions are held, or on a zero balance.",2026-08-17,https://www.xtb.com/en/help-center/fees-and-payments-3/fees-and-commissions-at-xtb,https://feeswizard.com/review/xtb/